{
  "id": {
    "providerName": "wso2admin",
    "apiName": "Hello",
    "version": "1.0.0"
  },
  "uuid": "51974b48-4db3-4306-ac07-77723c42fad4",
  "type": "HTTP",
  "context": "/hello/1.0.0",
  "contextTemplate": "/hello/{version}",
  "tags": [],
  "documents": [],
  "lastUpdated": "Jul 13, 2020, 7:59:12 AM",
  "availableTiers": [
    {
      "name": "Unlimited",
      "displayName": "Unlimited",
      "description": "Allows unlimited requests",
      "requestsPerMin": 2147483647,
      "requestCount": 2147483647,
      "unitTime": 0,
      "timeUnit": "ms",
      "tierPlan": "FREE",
      "stopOnQuotaReached": true
    }
  ],
  "availableSubscriptionLevelPolicies": [],
  "uriTemplates": [],
  "apiHeaderChanged": false,
  "apiResourcePatternsChanged": false,
  "status": "PUBLISHED",
  "visibility": "public",
  "gatewayLabels": [],
  "endpointSecured": false,
  "endpointAuthDigest": false,
  "transports": "http,https",
  "advertiseOnly": false,
  "apiOwner": "wso2admin",
  "subscriptionAvailability": "all_tenants",
  "corsConfiguration": {
    "corsConfigurationEnabled": false,
    "accessControlAllowOrigins": [
      "*"
    ],
    "accessControlAllowCredentials": false,
    "accessControlAllowHeaders": [
      "authorization",
      "Access-Control-Allow-Origin",
      "Content-Type",
      "SOAPAction",
      "apikey"
    ],
    "accessControlAllowMethods": [
      "GET",
      "PUT",
      "POST",
      "DELETE",
      "PATCH",
      "OPTIONS"
    ]
  },
  "endpointConfig": "{\"endpoint_type\":\"http\",\"sandbox_endpoints\":{\"url\":\"http://www.mocky.io/v2/5e850ff0300000c70297ade9\"},\"production_endpoints\":{\"url\":\"http://www.mocky.io/v2/5e850ff0300000c70297ade9\"}}",
  "responseCache": "Disabled",
  "cacheTimeout": 300,
  "implementation": "ENDPOINT",
  "authorizationHeader": "Authorization",
  "scopes": [],
  "isDefaultVersion": false,
  "isPublishedDefaultVersion": false,
  "environments": [
    "Production and Sandbox"
  ],
  "createdTime": "1594627151019",
  "additionalProperties": {},
  "monetizationProperties": {},
  "isMonetizationEnabled": false,
  "environmentList": [
    "SANDBOX",
    "PRODUCTION"
  ],
  "apiSecurity": "oauth2,oauth_basic_auth_api_key_mandatory",
  "endpoints": [],
  "enableSchemaValidation": false,
  "apiCategories": [],
  "accessControl": "all",
  "rating": 0.0,
  "isLatest": true
}