{
  "openapi": "3.0.1",
  "info": {
    "title": "Hello",
    "version": "1.0.0"
  },
  "security": [
    {
      "default": []
    }
  ],
  "paths": {
    "/*": {
      "get": {
        "responses": {
          "200": {
            "description": "OK"
          }
        },
        "security": [
          {
            "default": []
          }
        ],
        "x-auth-type": "Application \u0026 Application User",
        "x-throttling-tier": "Unlimited"
      },
      "put": {
        "responses": {
          "200": {
            "description": "OK"
          }
        },
        "security": [
          {
            "default": []
          }
        ],
        "x-auth-type": "Application \u0026 Application User",
        "x-throttling-tier": "Unlimited"
      },
      "post": {
        "responses": {
          "200": {
            "description": "OK"
          }
        },
        "security": [
          {
            "default": []
          }
        ],
        "x-auth-type": "Application \u0026 Application User",
        "x-throttling-tier": "Unlimited"
      },
      "delete": {
        "responses": {
          "200": {
            "description": "OK"
          }
        },
        "security": [
          {
            "default": []
          }
        ],
        "x-auth-type": "Application \u0026 Application User",
        "x-throttling-tier": "Unlimited"
      },
      "patch": {
        "responses": {
          "200": {
            "description": "OK"
          }
        },
        "security": [
          {
            "default": []
          }
        ],
        "x-auth-type": "Application \u0026 Application User",
        "x-throttling-tier": "Unlimited"
      }
    }
  },
  "components": {
    "securitySchemes": {
      "default": {
        "type": "oauth2",
        "flows": {
          "implicit": {
            "authorizationUrl": "https://test.com",
            "scopes": {}
          }
        }
      }
    }
  }
}