{
  "id": {
    "providerName": "wso2admin",
    "apiName": "DirectBE",
    "version": "1.0.0"
  },
  "uuid": "9352d51c-c41e-4444-8628-28b4e70f6f5f",
  "type": "HTTP",
  "context": "/direct/1.0.0",
  "contextTemplate": "/direct/{version}",
  "tags": [],
  "documents": [],
  "lastUpdated": "Aug 3, 2020, 11:46:52 PM",
  "availableTiers": [
    {
      "name": "Unlimited",
      "displayName": "Unlimited",
      "description": "Allows unlimited requests",
      "requestsPerMin": 2147483647,
      "requestCount": 2147483647,
      "unitTime": 0,
      "timeUnit": "ms",
      "tierPlan": "FREE",
      "stopOnQuotaReached": true
    }
  ],
  "availableSubscriptionLevelPolicies": [],
  "uriTemplates": [],
  "apiHeaderChanged": false,
  "apiResourcePatternsChanged": false,
  "status": "PUBLISHED",
  "visibility": "public",
  "gatewayLabels": [],
  "endpointSecured": false,
  "endpointAuthDigest": false,
  "transports": "http,https",
  "advertiseOnly": false,
  "subscriptionAvailability": "all_tenants",
  "corsConfiguration": {
    "corsConfigurationEnabled": false,
    "accessControlAllowOrigins": [
      "*"
    ],
    "accessControlAllowCredentials": false,
    "accessControlAllowHeaders": [
      "authorization",
      "Access-Control-Allow-Origin",
      "Content-Type",
      "SOAPAction",
      "apikey"
    ],
    "accessControlAllowMethods": [
      "GET",
      "PUT",
      "POST",
      "DELETE",
      "PATCH",
      "OPTIONS"
    ]
  },
  "endpointConfig": "{\"endpoint_type\":\"http\",\"sandbox_endpoints\":{\"url\":\"http:\\/\\/demo-http-backend.demo-backend:8080\\/patientmgt\\/\"},\"production_endpoints\":{\"url\":\"http:\\/\\/demo-http-backend.demo-backend:8080\\/patientmgt\\/\"}}",
  "responseCache": "Disabled",
  "cacheTimeout": 300,
  "implementation": "ENDPOINT",
  "authorizationHeader": "Authorization",
  "scopes": [],
  "isDefaultVersion": false,
  "isPublishedDefaultVersion": false,
  "environments": [
    "Production and Sandbox"
  ],
  "createdTime": "1595196849498",
  "additionalProperties": {},
  "monetizationProperties": {},
  "isMonetizationEnabled": false,
  "environmentList": [
    "SANDBOX",
    "PRODUCTION"
  ],
  "apiSecurity": "oauth2,oauth_basic_auth_api_key_mandatory",
  "endpoints": [],
  "enableSchemaValidation": false,
  "apiCategories": [],
  "accessControl": "all",
  "rating": 0.0,
  "isLatest": true
}